{
	"credit": "Made with Blockbench",
	"textures": {
		"particle": "block/bamboo_stalk",
		"all": "block/bamboo_stalk"
	},
	"elements": [
		{
			"from": [7, 0, 7],
			"to": [9, 16, 9],
			"faces": {
				"north": {"uv": [6, 0, 8, 16], "texture": "#all"},
				"east": {"uv": [6, 0, 8, 16], "texture": "#all"},
				"south": {"uv": [6, 0, 8, 16], "texture": "#all"},
				"west": {"uv": [6, 0, 8, 16], "texture": "#all"},
				"up": {"uv": [14, 0, 16, 2], "texture": "#all", "cullface": "up"},
				"down": {"uv": [14, 4, 16, 6], "texture": "#all", "cullface": "down"}
			}
		}
	],
	"groups": [
		{
			"name": "bamboo4_age1",
			"origin": [8, 8, 8],
			"children": [0]
		}
	]
}