{
	"credit": "Made with Blockbench",
	"ambientocclusion": false,
	"textures": {
		"particle": "block/cobblestone",
		"base": "block/cobblestone",
		"lever": "block/lever"
	},
	"elements": [
		{
			"from": [5, -0.02, 4],
			"to": [11, 1.98, 12],
			"faces": {
				"north": {"uv": [4, 0, 10, 2], "texture": "#base"},
				"east": {"uv": [4, 0, 12, 2], "texture": "#base"},
				"south": {"uv": [6, 0, 12, 2], "texture": "#base"},
				"west": {"uv": [4, 0, 12, 2], "texture": "#base"},
				"up": {"uv": [4, 4, 10, 12], "texture": "#base"},
				"down": {"uv": [6, 4, 12, 12], "texture": "#base", "cullface": "down"}
			}
		},
		{
			"from": [7, 1, 7],
			"to": [9, 11, 9],
			"rotation": {"angle": -45, "axis": "x", "origin": [8, 1, 8]},
			"faces": {
				"north": {"uv": [7, 6, 9, 16], "texture": "#lever"},
				"east": {"uv": [7, 6, 9, 16], "texture": "#lever"},
				"south": {"uv": [7, 6, 9, 16], "texture": "#lever"},
				"west": {"uv": [7, 6, 9, 16], "texture": "#lever"},
				"up": {"uv": [7, 6, 9, 8], "texture": "#lever"}
			}
		}
	]
}